star_rating,1_contribution,2_contribution,3_contribution,4_contribution,5_contribution,6_contribution,7_contribution,8_contribution,9_contribution,10_contribution,11_contribution,12_contribution
2.51,1.2500026041764059,1.2237178825954966,1.1979858691339766,1.172794941592832,1.1481337221615517,1.1239910722791917,1.1003560876034983,1.0772180930858208,1.0545666381495855,1.0323914919701576,1.010682638853956,0.9894302737147346
2.5199999999999996,2.5000208336457854,2.2911009990802653,2.0996400179320713,1.9241789020525606,1.7633805869021029,1.6160197427309,1.4809734372112757,1.35721257836799,1.2437940725992265,1.139853638030103,1.0445992184343758,0.9573049475365106
2.5299999999999994,3.7500703148730623,3.3065035312751383,2.9154028283080433,2.5705623994990003,2.2665104751760485,1.9984224989379622,1.7620445738073391,1.5536259633455372,1.3698595766881358,1.2078294931447722,1.0649646937077857,0.9389982653024822
2.539999999999999,5.000166676667274,4.289577620303384,3.6799725590091694,3.1570003468319827,2.7083493232842955,2.323457475795102,1.9932637918662868,1.7099949473383615,1.4669823090424556,1.258504943767945,1.0796549377082645,0.9262218557742675
2.549999999999999,6.250325551354185,5.249312008304756,4.408614612812037,3.7025581206739058,3.109579276248879,2.6115682617607505,2.193315616015894,1.8420477312033932,1.5470367416592452,1.299272890437056,1.0911893676255624,0.9164312168620271
2.5599999999999987,7.500562575949546,6.190868343588098,5.10986348817831,4.2176159172987004,3.4811661929921667,2.8733100170470824,2.3715933099324116,1.957482761813658,1.6156812159783112,1.333562595078246,1.1007054964831002,0.9085082278548916
2.5699999999999985,8.750893393333252,7.1175924617484885,5.789137197138481,4.708630013224921,3.829792911524285,3.1149853999924018,2.5335923550769506,2.0607127794948976,1.676093295381218,1.3632606944430445,1.108816392342069,0.901862568867489
2.5799999999999983,10.001333653424577,8.031826249640007,6.450163062234922,5.179968071555898,4.1599055657116155,3.340718335825699,2.6828491231417826,2.154530461414562,1.7302506760898928,1.3895219657947961,1.1158910787363414,0.8961448111337362
2.589999999999998,11.251899014358752,8.935298807184845,7.0956524469153335,5.634762164521086,4.474647664644448,3.553383645680416,2.821794313137801,2.240828443992047,1.779474886608649,1.4131072285166435,1.122169272695755,0.8911311549261446
2.599999999999998,12.502605143665079,9.829338149802748,7.727660543780496,6.07535691313054,4.776343553500099,3.755081070505621,2.9521816611656235,2.3209556323504614,1.8246963315978397,1.4345456053267032,1.1278156579402383,0.8866697256414477
2.6099999999999977,13.753467719446785,10.714995716220356,8.34779530083768,6.503566425061419,5.066772090223851,3.9474002011179468,3.0753245005534855,2.3959113091766184,1.8665968421892658,1.4542206791737702,1.1329483346046467,0.8826527825286575
2.6199999999999974,15.004502431562917,11.59312433488243,8.957346800205999,6.920831639642232,5.34733238007168,4.131579132654815,3.1922358507214947,2.4664588041143465,1.9056922222768178,1.472419827157993,1.1376549277289598,0.8790011589860969
2.6299999999999972,16.25572498281239,12.464429506297828,9.557371515680556,7.328321785011463,5.619149584858369,4.30860475062567,3.303716090267065,2.5331959269423723,1.942382889129762,1.489364185319058,1.1420022740752802,0.8756549988569292
2.639999999999997,17.507151090120505,13.329504497859256,10.148749459226103,7.727002575578383,5.8831454104639915,4.479278941882945,3.410410322938727,2.5966006407981768,1.976986417864135,1.5052277331402901,1.146042536327816,0.8725679617479384
2.649999999999997,18.75879648572812,14.18885515862434,10.732224258927783,8.117683650742487,6.140086739122554,4.644263904088001,3.512847314254238,2.6570618096015477,2.0097592717438824,1.520149932442184,1.14981721920299,0.8697034479038002
2.6599999999999966,20.01067691838368,15.042917953198279,11.308432067021405,8.501052535970874,6.390620184215503,4.804114098353633,3.6114667441831902,2.714900557588933,2.0409117845175495,1.534244376111431,1.1533598970256294,0.8670320535496984
2.6699999999999964,21.262808154538412,15.892073377434182,11.877922915832984,8.877699557743227,6.635297265020784,4.95929936678149,3.7066387875362574,2.7703855091500094,2.070618775996198,1.5476048735265884,1.156698119580678,0.8645298052032075
2.679999999999996,22.515205979544803,16.73665614167699,12.44117682330869,9.248136511773032,6.874593147824384,5.110222030995235,3.798678502790166,2.8237439156337105,2.099027252562112,1.560309836386018,1.1598547768025806,0.862176903522992
2.689999999999996,23.767886198858687,17.576963037295403,12.998616159197375,9.612810910259837,7.10892086239712,5.257229784254541,3.887856615572647,2.8751699437834852,2.1262621086704696,1.5724255063749528,1.162849097021519,0.8599568100120342
2.6999999999999957,25.020864639245097,18.413259108112786,13.550615291315845,9.972117032358554,7.338642265992561,5.400625577643744,3.9744077409331227,2.924830959690558,2.1524304249558224,1.5840083745440319,1.1656973909747275,0.8578555701868944
2.7099999999999955,26.27415714998821,19.245782558726116,14.097508216279074,10.326404618862671,7.564076623791723,5.540675315596337,4.058536749389738,2.9728723680633484,2.1776247604813492,1.5951070245745596,1.1684136156151577,0.8558613034250807
2.7199999999999953,27.52777960410544,20.074748706228696,14.639594671781254,10.675985801383835,7.7855074123771,5.677613926792773,4.14042376357703,3.0194213912810635,2.2019257106787826,1.605763557663337,1.1710098077399511,0.8539638125918005
2.729999999999995,28.781747899566184,20.900353196887046,15.177145087884348,11.021140688330583,8.003187777979388,5.811650211254196,4.220228128459381,3.064590057700009,2.2254039203284126,1.6160147084500716,1.1734964219626154,0.8521542812440355
2.739999999999995,30.03607796051517,21.722774650588477,15.710404638733857,11.36212191503188,8.21734496218883,5.942970752520807,4.298091601099089,3.108477591548412,2.248121686072891,1.625892729332389,1.1758825973133795,0.8504250358707317
2.7499999999999947,31.290785738500837,22.54217685451725,16.239596588816084,11.699158385168955,8.428183925180086,6.07174310647117,4.374140939288111,3.151172343962396,2.2701342455987588,1.6354260987706053,1.1781763698448584,0.8487693571138925
2.7599999999999945,32.54588721370893,23.35871059790183,16.764925079894642,12.032458373782266,8.635890338122095,6.198118423959912,4.4484900216768075,3.1927533679350226,2.2914908247041637,1.6446400941703532,1.180384843872054,0.847181328353614
2.7699999999999942,33.80139839620153,24.172515218145108,17.28657747003507,12.362212121112261,8.840633074550695,6.322233625595457,4.521241598825353,3.2332917138954267,2.31223549519249,1.6535572593871368,1.1825143311556492,0.8456557131301053
2.779999999999994,35.05733532716181,24.98371991277821,17.80472631063154,12.688594016552255,9.042566299980095,6.444213218806547,4.592488750625191,3.272851503899326,2.3324078834418223,1.6621977893772786,1.1845704649795776,0.8441878550612355
2.789999999999994,36.31371408014468,25.792444859829423,18.31953102839132,13.011764449785932,9.241831236527027,6.564170826643872,4.662316107987555,3.311490828753158,2.352043759994995,1.6705798490809476,1.186558294375127,0.8427735954824087
2.7999999999999936,37.57055076233369,26.598802180250246,18.831139364967328,13.331871389536605,9.438557662517361,6.682210482362123,4.730800883689374,3.349262502309683,2.371175533523949,1.6787198396379122,1.1884823625038787,0.84140920517593
2.8099999999999934,38.82786151580432,27.402896769207125,19.339688616077186,13.649051737738873,9.632865194354949,6.798427732239451,4.798013747515896,3.386214699640306,2.389832667319196,1.6866326220817174,1.1903467722957086,0.8400913273964654
2.819999999999993,40.08566251879399,28.20482701777844,19.84530670360836,13.963432497282643,9.824864388249406,6.912910580280043,4.864019573451098,3.4223915001019707,2.4080420325405534,1.6943317064424885,1.192155241753642,0.8388169300241598
2.829999999999993,41.343969986979005,29.00468544249504,20.34811310774066,14.275131784011174,10.014657691939307,7.025740301679911,4.928878081013143,3.457833351979,2.425828209489941,1.7018294125103668,1.1939111508206695,0.837583265147177
2.8399999999999928,42.60280017475875,29.8025592369431,20.848219681056026,14.584259707830194,10.202340270748016,7.136992146693786,4.992644388465804,3.4925774720413965,2.4432137458841607,1.7091370072281564,1.1956175813097765,0.8363878347326734
2.8499999999999925,43.86216937654721,30.59853075710032,21.34573136261316,14.890919143204838,10.388000727763247,7.246735952444715,5.05536949223553,3.526658190768501,2.460219379338514,1.7162648226914874,1.1972773510955048,0.835228361319124
2.8599999999999923,45.122093928072445,31.392677950045215,21.84074680679063,15.195206405691426,10.571721734340015,7.355036676991528,5.117100684193121,3.560107251957333,2.4768642298930503,1.7232223579642927,1.1988930435303826,0.8341027628747416
2.869999999999992,46.38259020768384,32.18507473404751,22.333358939161126,15.497211848253588,10.753580584268006,7.461954867409099,5.177881916345961,3.59295407383394,2.493165967328593,1.7300183673132044,1.200467032865839,0.8330091311318479
2.879999999999992,47.64367463766775,32.97579133672984,22.82365544961201,15.797020388783872,10.933649682653948,7.5675470715906235,5.237754120803246,3.62522597751414,2.5091409571604513,1.7366609369872055,1.2020015063125111,0.8319457128367422
2.8899999999999917,48.90536368557156,33.764894596918026,23.311719231265744,16.094711978368466,11.111996978721866,7.671866201835615,5.296755491526205,3.656948387642664,2.5248043885123557,1.7431575522892349,1.2034984832600732,0.8309108934571897
2.8999999999999915,50.16767386553671,34.55244823492007,23.797628772399104,16.390362018300202,11.288686350234846,7.774961856955641,5.354921733285426,3.6881450092207433,2.540170386522967,1.74951515638252,1.2049598320850587,0.8299031829713386
2.9099999999999913,51.43062173964068,35.33851309525217,24.28145850744743,16.684041732590728,11.463777946018084,7.87688060854567,5.412286282362445,3.7188379839690264,2.555252111492922,1.7557402020295747,1.2063872849015316,0.8289212034273243
2.919999999999991,52.69422391924833,36.12314736523291,24.76327913226333,16.97581850170089,11.637328492058678,7.9776662561814975,5.468880502810164,3.749048029032603,2.5700618466194225,1.7618386972634315,1.2077824505499382,0.8279636780155823
2.929999999999991,53.958497066372985,36.906406772371035,25.243157888038485,17.26575616235484,11.809391565829104,8.077360055573418,5.524733861493604,3.7787945603926896,2.584611075870539,1.7678162458290565,1.2091468260711256,0.8270294214386642
2.9399999999999906,55.22345789504739,37.68834476305736,25.721158817663607,17.553915277594317,11.980017842794425,8.17600092310242,5.579874084643188,3.808095802985593,2.5989105533093424,1.7736780831005334,1.2104818068729928,0.8261173313982098
2.9499999999999904,56.489123172704886,38.46901266472427,26.19734299777157,17.84035338063726,12.149255318491234,8.273625619663317,5.634327298247124,3.836968889228587,2.6129703649783123,1.7794291080706595,1.2117886957648003,0.8252263810472886
2.95999999999999,57.75550972157116,39.24845983334325,26.67176874926302,18.125125195608643,12.31714950908776,8.370268916320516,5.688118154271747,3.865429947402289,2.626799984288905,1.7850739119195005,1.2130687110073954,0.8243556122798255
2.96999999999999,59.022634420066744,40.02673378788327,27.144491828737735,18.408282837793223,12.483743632932482,8.46596374393087,5.741269944416169,3.893494181130479,2.6404083217234007,1.790616803593612,1.2143229935054283,0.8235041297482685
2.9799999999999898,60.29051420422071,40.80388033314268,27.615565602936435,18.68987599570655,12.64907877525944,8.560741328592762,5.793804702870388,3.9211759410234466,2.6538037695408794,1.7960618327652005,1.2155526132491612,0.8226710955168028
2.9899999999999896,61.559166069095795,41.57994367218787,28.085041208026734,18.969952096980702,12.81319403793128,8.654631314530764,5.845743299345969,3.948488789403858,2.666994242082481,1.801412810488188,1.2167585750980383,0.8218557242708782
2.9999999999999893,62.82860707022517,42.354966509478885,28.552967695335678,19.248556459805677,12.976126675856941,8.747661875813519,5.897105523479163,3.9754455589099176,2.6799872121895616,1.806673327824165,1.2179418239852287,0.8210572790151003
3.009999999999989,64.09885432506142,43.12899014563046,29.01939216493331,19.525732431449274,13.137912221512796,8.83985981812227,5.947910161562543,4.002058405665277,2.692789744179408,1.8118467726740788,1.21910324961144,0.8202750672010152
3.019999999999989,65.36992501443781,43.90205456464384,29.484359888301466,19.801521515190913,13.29858459881785,8.931250671633565,5.998175066438705,4.028338857615606,2.705408523764639,1.8169363450200553,1.220243690687076,0.8195084372343162
3.0299999999999887,66.64183638404226,44.67419851434684,29.947914421175383,20.07596348684393,13.458176227460722,9.02185877594772,6.047917221284763,4.054297858555258,2.7178498852525563,1.8219450707550071,1.2213639387739788,0.8187567753177757
3.0399999999999885,67.91460574590447,45.44545958069496,30.410097707518897,20.349096501901947,13.616718118644366,9.111707357881357,6.097152797926522,4.0799458083020745,2.730119836318111,1.8268758142548782,1.2224647417713368,0.8180195025919618
3.0499999999999883,69.18825047989617,46.215874256512535,30.870950175483948,20.620957194224616,13.774239963100777,9.200818602844526,6.145897210243811,4.105292599422084,2.742224080607613,1.8317312898288551,1.223546807084649,0.8172960725407024
3.059999999999988,70.4627880352454,46.98547800518938,31.33051082610978,20.891580767073773,13.930770212129369,9.289213720438507,6.194165163161739,4.130347650857505,2.754168038398923,1.8365140721661413,1.2246108045117532,0.816585968632455
3.069999999999988,71.73823593206464,47.75430531979162,31.78881731543361,21.161001077220178,14.086336152327082,9.376913004837059,6.241970697664828,4.155119938769591,2.7659568655167823,1.8412266058834597,1.2256573688757533,0.8158887021723373
3.0799999999999876,73.01461176289337,48.52238977799692,32.24590603061177,21.42925071276176,14.240963974603762,9.463935890450228,6.289327232220882,4.1796180248716155,2.7775954706785058,1.845871214265024,1.2266871024310533,0.8152038103426669
3.0899999999999874,74.29193319425549,49.28976409322123,32.70181216058673,21.696361065225155,14.394678838011288,9.550301003314342,6.336247600957792,4.203850082495869,2.7890885314249965,1.8504501072759385,1.2277005770656062,0.8145308544125265
3.099999999999987,75.57021796823177,50.05646016226596,33.15656976177896,21.96236239646134,14.547504928857867,9.636026208603248,6.382744088898455,4.227823920611087,2.800440508774355,1.8549653889206497,1.2286983363197688,0.8138694180991793
3.109999999999987,76.8494839040479,50.82250910978167,33.6102118192337,22.22728390079302,14.699465515529045,9.721128654613466,6.428828464525696,4.251547005982834,2.81165566072001,1.8594190640099426,1.2296808972398237,0.8132191060661575
3.119999999999987,78.12974889967833,51.5879413298143,34.06277030360863,22.49115376282411,14.85058299939294,9.80562481353853,6.474512009919946,4.27502648364845,2.822738054681839,1.8638130443928815,1.2306487520821714,0.8125795425445889
3.1299999999999866,79.41103093346636,52.352786524674165,34.51427622435055,22.753999211280455,15.000878962128485,9.889530519315066,6.519805548686781,4.2982691958597625,2.8336915790070125,1.8681491547039066,1.2316023698824297,0.8119503700658365
3.1399999999999864,80.693348065761,53.11707374134475,34.96475967937454,23.015846569213977,15.15037420978135,9.972861002794163,6.564719471868937,4.321281699630709,2.8445199536069494,1.8724291376698616,1.2325421979021045,0.811331248294856
3.149999999999986,81.97671844057069,53.880831405627504,35.41424990152905,23.27672130086991,15.299088813821747,10.055630924466078,6.609263762017442,4.3440702830127345,2.8552267398077156,1.8766546590169657,1.23346866296414,0.8107218529548265
3.159999999999986,83.26116028723456,54.644087354200686,35.862775302103486,23.536648055488,15.447042149451674,10.137854404943614,6.6534480155790146,4.366640980208331,2.8658153494831846,1.8808273120135452,1.2343821726874502,0.8101218748346292
3.1699999999999857,84.54669192211153,55.40686886475384,36.31036351161069,23.795650708282743,15.594252931385196,10.219545053389522,6.697281463741219,4.388999585621976,2.87628905353323,1.8849486216806493,1.2352831166294778,0.8095310188716431
3.1799999999999855,85.83333175028768,56.16920268434474,36.75704141805524,24.053752398824706,15.740739247304122,10.300715994055327,6.740772991863107,4.411151666937905,2.886650989762959,1.8890200486993975,1.2361718673448978,0.8089490033031105
3.1899999999999853,87.12109826730222,56.9311150561126,37.20283520287968,24.31097556702467,15.886518589172537,10.381379891083185,6.783931157606745,4.4331025773054265,2.8969041702134617,1.8930429930410244,1.2370487813677515,0.808375558880017
3.199999999999985,88.41001006089266,57.69263174446966,37.64777037476316,24.567341986903912,16.031607882576733,10.461548971708122,6.826764207874109,4.45485746670472,2.9070514879896328,1.8970187973430148,1.2379142001235763,0.8078104281380517
3.209999999999985,89.70008581275951,58.453778058882286,38.091871801431815,24.82287279831748,16.176023514241923,10.5412350479854,6.869280094644026,4.476421292559152,2.9170957236262414,1.9009487500524525,1.2387684507774426,0.8072533647207489
3.2199999999999847,90.99134430035093,59.2145788763438,38.53516373962637,25.07758853678271,16.319781357863594,10.62044953715638,6.911486489795163,4.497798829653974,2.927039551029525,1.904834088355669,1.2396118470232358,0.8067041327503993
3.2299999999999844,92.28380439866787,59.97505866263204,38.97766986335988,25.331509161551843,16.462896798379102,10.699203480756116,6.953390798993195,4.518994679415737,2.9368855430281027,1.9086760009114776,1.2404446898190102,0.8061625062427468
3.2399999999999842,93.57748508209016,60.73524149243731,39.419413290587286,25.584654082055778,16.605384754794287,10.777507562556746,6.995000174713316,4.540013278601834,2.9466361765638887,1.9124756304036648,1.2412672680727852,0.8056282685618696
3.249999999999984,94.87240542622386,61.49515106843921,39.8604166083984,25.837042182835138,16.747259701669854,10.85537212543261,7.036321528462931,4.560858907445133,2.9562938375508883,1.9162340759269576,1.242079859282741,0.805101211911983
3.259999999999984,96.16858460977055,62.25481073940448,40.30070189683661,26.088691847065217,16.888535689363568,10.932807187225542,7.077361542263746,4.581535697294698,2.965860825427277,1.9199523952194062,1.2428827301354168,0.8045811368632068
3.2699999999999836,97.46604191641904,63.014243517372364,40.740290751437485,26.33962097877254,17.02922636311611,11.00982245568223,7.118126679447334,4.6020476377900215,2.975339357423895,1.92363160675295,1.243676137065177,0.8040678519086141
3.2799999999999834,98.76479673675975,63.773472093988424,41.179204304573666,26.589847023832743,17.16934498106123,11.086427342529369,7.158623194813681,4.62239858360292,2.9847315725702748,1.927272691692895,1.244460326777919,0.8035611730501198
3.289999999999983,100.06486857022264,64.53251885604364,41.61746324568587,26.839386989832438,17.308904431234396,11.162630976747064,7.198857144198056,4.642592260778421,2.994039535457505,1.930876595736098,1.2452355367417425,0.8030609234109872
3.299999999999983,101.36627702703888,65.29140590027042,42.05508784047326,27.088257464870992,17.447917247647855,11.238442217095832,7.238834393487777,4.662632272703238,3.0032652397755766,1.9344442308367993,1.2460019956470472,0.8025669328729296
3.3099999999999827,102.6690418302269,66.05015504744405,42.492097949111226,27.33647463537231,17.586395625494973,11.313869663948218,7.278560627127089,4.682522105728152,3.0124106116413842,1.9379764768282877,1.2467599238383276,0.8020790377359563
3.3199999999999825,103.97318281760359,66.80878785583405,42.928513043559,27.584054302971282,17.72435143554154,11.388921670471904,7.3180413561452005,4.702265134468386,3.021477512732202,1.941474182947893,1.2475095337197266,0.80159708039928
3.3299999999999823,105.27871994382069,67.56732563404655,43.3643522240151,27.831011900534563,17.861796237757325,11.463606353207506,7.357281925739821,4.721864626804151,3.030467743238247,1.9449381692721768,1.248251030136246,0.8011209090617378
3.339999999999982,106.58567328242755,68.32578945329625,43.79963423457434,28.07736250737088,17.99874129423714,11.537931602080945,7.396287522445915,4.74132374860176,3.039383044646832,1.9483692280686244,1.2489846107323497,0.8006503774403144
3.349999999999982,107.89406302796017,69.08420015914326,44.23437747813583,28.323120863681954,18.135197581456797,11.611905089887117,7.435063180917103,4.7606455681740805,3.0482251023696043,1.9517681250696335,1.249710466289551,0.8001853445054732
3.3599999999999817,109.2039094980577,69.8425783827279,44.66860003060834,28.568301384301385,18.27117580190617,11.685534281278914,7.473613790345047,4.779833060497655,3.056995548223475,1.9551356006741294,1.2504287810444497,0.7997256742321037
3.3699999999999815,110.51523313560669,70.60094455153433,45.10231965445568,28.81291817176531,18.406686395138205,11.758826441293014,7.511944100540184,4.798889111202448,3.065695962774987,1.9584723710817091,1.2511397329885627,0.7992712353649962
3.3799999999999812,111.82805451091374,71.35931889971128,45.53555381162183,29.056985028755598,18.54173954827004,11.831788643441538,7.550058727695451,4.817816520348995,3.074327877557137,1.961779129363839,1.2518434941511911,0.7988219011978387
3.389999999999981,113.14239432390698,72.11772147797669,45.96831967587286,29.300515469953314,18.67634520596976,11.904427777396553,7.587962159853005,4.8366180060065815,3.0828927771669665,1.965056546476273,1.2525402308664608,0.7983775493648113
3.399999999999981,114.45827340636758,72.87617216313114,46.40063414459012,29.543522733337774,18.81051307995989,11.976750556292458,7.6256587620925,4.8552962076451,3.0913921012516115,1.968305272216546,1.2532301040255922,0.7979380616439286
3.4099999999999806,115.77571272419121,73.63469066720317,46.83251385004658,29.78601979096371,18.944252658066517,12.048763523669463,7.663152781458118,4.873853689352256,3.099827246389922,1.9715259361300959,1.2539132693153707,0.7975033237713435
3.4199999999999804,117.09473337968082,74.39329654624817,47.26397517019655,30.02801935924718,19.07757321284099,12.12047306007973,7.700448351640298,4.892292942886977,3.1081995678762446,1.9747191483683122,1.2545898774437172,0.797073225265889
3.42999999999998,118.41535661387061,75.15200920882091,47.695034239006326,30.26953390878844,19.21048380977915,12.191885389376251,7.737549497426997,4.910616390579092,3.1165103814124633,1.9778855005015534,1.2552600743531845,0.7966476592631881
3.43999999999998,119.7376038088828,75.91084792414117,48.12570695635214,30.510575673758478,19.342993315161536,12.263006584703149,7.77446013893827,4.928826388084598,3.1247609647139716,1.9810255662899603,1.2559240014231576,0.7962265223587129
3.4499999999999797,121.06149649031698,76.66983182996954,48.556008997509615,30.751156660873708,19.47511040353621,12.333842574204757,7.811184095656981,4.946925227005224,3.1329525590348273,1.9841399024146822,1.2565817956614584,0.7958097144592207
3.4599999999999795,122.38705632967373,77.42897994021074,48.98595582225766,30.991288657982132,19.606843564864555,12.40439914646973,7.847725090267578,4.964915137380334,3.1410863706169785,1.9872290491719498,1.2572335898860258,0.7953971386420361
3.4699999999999793,123.71430514681214,78.1883111522594,49.41556268361793,31.230983242282367,19.73820111134897,12.474681955725256,7.884086752314071,4.982798290058725,3.149163572068099,1.990293531132248,1.2578795128972782,0.7949887010216873
3.479999999999979,125.04326491244305,78.94784425410357,49.844844636250166,31.470251788195927,19.869191183960226,12.544696526795548,7.920272621687572,5.000576798957275,3.1571853036722635,1.9933338577666921,1.2585196896417286,0.7945843106234413
3.489999999999979,126.37395775065791,79.7075979311993,50.27381654452183,31.7091054749115,19.999821758680962,12.61444825983773,7.956286151953075,5.018252723213008,3.165152674637398,1.9963505240425565,1.259154241367381,0.7941838792633125
3.4999999999999787,127.70640594149485,80.46759077312966,50.70249309027002,31.94755529361916,20.13010065248092,12.683942434867525,7.992130713524539,5.0358280692346415,3.173066764283175,1.9993440109897784,1.259783285771404,0.793787321434154
3.5099999999999785,129.0406319235417,81.2278412800598,51.13088878027169,32.18561205445086,20.260035529038337,12.753184216086181,8.027809596696681,5.053304792659308,3.1809286231727705,2.0023147862401243,1.26040693714053,0.7933945541974626
3.5199999999999783,130.37665829657826,81.98836786900064,51.559017953438364,32.4232863931431,20.389633904221242,12.822178656019542,8.063326014541433,5.070684800219768,3.1887392741916853,2.0052633045406068,1.2610253064846195,0.793005497080559
3.529999999999978,131.71450782425694,82.74918887989062,51.98689478774919,32.6605887774362,20.518903151341224,12.89093069947928,8.098683105676399,5.087969951527063,3.196499713576605,2.0081900082426167,1.2616385016637772,0.792620071978825
3.539999999999978,133.05420343682408,83.51032258150697,52.41453330693675,32.897529513223986,20.647850506191848,12.95944518735583,8.133883936912289,5.1051620607732735,3.2042109118970896,2.011095327768156,1.262246627509395,0.7922382030627028
3.5499999999999776,134.395768233882,84.27178717721561,52.84194738693812,33.13411875046691,20.776483071882826,13.027726860251892,8.168931505785784,5.12226289835872,3.211873814992703,2.0139796820544458,1.262849785939471,0.7918598166891803
3.5599999999999774,135.73922548719295,85.03360081056891,53.26915076212371,33.37036648888066,20.90480782348057,13.095780361964884,8.203828742983925,5.139274192447675,3.219489344868014,2.0168434789781275,1.2634480760685214,0.7914848413175045
3.569999999999977,137.0845986435259,85.79578157075996,53.696157031314975,33.60628258341183,21.032831612465056,13.163610242826133,8.238578514665745,5.1561976304564245,3.2270584005477683,2.0196871157601626,1.2640415943123937,0.7911132074288856
3.579999999999977,138.43191132754694,86.55834749794168,54.122979663602344,33.841876749511314,21.16056117101234,13.231220962904223,8.273183624686494,5.173034860477239,3.2345818588943533,2.0225109793525013,1.2646304344882613,0.7907448474499624
3.5899999999999768,139.78118734475441,87.3213165884184,54.54963200397323,34.07715856821573,21.288003116111522,13.29861689507941,8.3076468167295,5.18978749264163,3.2420605753895844,2.0253154468074976,1.2652146879100632,0.7903796956798246
3.5999999999999766,141.1324506844598,88.08470679971737,54.97612727875996,34.312137491046435,21.415163953524484,13.365802327995624,8.341970776350378,5.20645710042604,3.2494953848826786,2.028100885630994,1.265794443479638,0.790017688220391
3.6099999999999763,142.48572552281485,88.84853605554707,55.40247860091676,34.54682284473505,21.542050081596145,13.432781468896188,8.376158132938073,5.223045221902942,3.2568871023061963,2.0308676541199517,1.266369787773785,0.7896587629099634
3.619999999999976,143.84103622588722,89.61282225064942,55.82869897513459,34.78122383578436,21.66866779492272,13.499558446349088,8.410211461596916,5.239553360940134,3.264236523361606,2.0336161016854297,1.266940805127469,0.7893028592597807
3.629999999999976,145.19840735278382,90.37758325555136,56.25480130280172,35.015349554872266,21.795023287884764,13.566137312867161,8.444133284953601,5.255982988350834,3.271544425176037,2.0363465691616858,1.267507577713373,0.7889499183934144
3.6399999999999757,146.5578636588248,91.14283692122291,56.680798386818175,35.24920898110687,21.921122658051793,13.632522047428429,8.477926074892872,5.272335542997097,3.2788115669316853,2.0390593891021123,1.2680701856179912,0.7885998829888522
3.6499999999999755,147.91943009876806,91.9086010836466,57.10670293627123,35.48281098613951,22.04697190946445,13.698716557901385,8.511592254225354,5.288612432848804,3.286038690469256,2.041754886062684,1.2686287069144435,0.7882526972231285
3.6599999999999753,149.28313183008578,92.67489356830411,57.53252757097895,35.71616433814291,22.172576955800267,13.764724683379798,8.545134198290878,5.304815036000493,3.293226520866745,2.044433376873553,1.2691832177321773,0.787908306719369
3.669999999999975,150.64899421629445,93.44173219458551,57.95828482590852,35.949277705660776,22.297943623428484,13.83055019643144,8.57855423650041,5.320944701648042,3.3003757669947804,2.0470951708993868,1.2697337923237204,0.787566658496121
3.679999999999975,152.01704283033894,94.20913478012567,58.383987155475545,36.182159661334985,22.42307765435917,13.896196805264728,8.611854653819526,5.337002751027184,3.307487122049685,2.0497405702890164,1.270280503128631,0.7872277009188561
3.6899999999999746,153.38730345803225,94.97711914507303,58.80964693773045,36.41481868551625,22.547984709091626,13.961668155817213,8.645037692196187,5.3529904783156805,3.3145612640653437,2.052369870214919,1.270823420834789,0.7868913836535305
3.6999999999999744,154.7598021015523,95.74570311629519,59.23527647843759,36.64726316976378,22.672670369366845,14.026967833769584,8.678105551935529,5.368909151500898,3.3215988564049033,2.054983359103039,1.271362614437157,0.7865576576221006
3.709999999999974,156.13456498299678,96.51490453152574,59.66088801505264,36.879501420239166,22.797140140828372,14.092099366488611,8.711060393024049,5.384760013214431,3.3286005482332826,2.05758131885342,1.271898151294142,0.7862264749598946
3.719999999999974,157.51161854799685,97.2847412434563,60.086493720603116,37.111541660999436,22.92139945559586,14.157066224902318,8.743904336405613,5.400544281535311,3.335566974971396,2.0601640250520896,1.272430097181671,0.7858977889747487
3.729999999999974,158.89098946939248,98.05523112377827,60.51210570747752,37.34339203719415,23.045453674755404,14.221871825310538,8.776639465211503,5.416263150763284,3.342498758732967,2.0627317471746136,1.2729585163450934,0.7855715541078202
3.7399999999999736,160.2727046509694,98.82639206717806,60.937736031127265,37.575060618170966,23.169308090770315,14.286519531133766,8.809267825946575,5.431917792163545,3.3493965087447464,2.0652847487817296,1.2734834715490158,0.7852477258959937
3.7499999999999734,161.65679123125943,99.5982419952892,61.36339669368622,37.80655540049392,23.292967929816093,14.351012654603087,8.84179142963359,5.4475093546842235,3.356260821750903,2.0678232877074185,1.2740050241251684,0.7849262609358062
3.759999999999973,163.04327658740615,100.3707988606054,61.78909964751205,38.0378843108786,23.416438354042974,14.415354458393889,8.874212252917548,5.463038965647896,3.363092282402334,2.0703476162397774,1.2745232340183952,0.7846071168488146
3.769999999999973,164.4321883390969,101.14408065035812,62.214856798653564,38.26905520904811,23.539724463769353,14.479548157205848,8.906532239131884,5.478507731418285,3.369891463631571,2.0728579812950323,1.2750381598308584,0.7842902522483375
3.7799999999999727,165.82355435256224,101.91810539036119,62.640680010247706,38.500075890513386,23.662831299609138,14.543596919291565,8.93875329932817,5.493916738043255,3.3766589270139478,2.0753546245849956,1.2755498588645395,0.7839756267075074
3.7899999999999725,167.21740274464577,102.69289114882724,63.066581105850574,38.73095408928167,23.785763844536106,14.607503867936193,8.970877313271012,5.509267051875208,3.383395223115655,2.0778377827782837,1.2760583871621172,0.7836632007285689
3.7999999999999723,168.61376188694433,103.46845604015765,63.49257187270534,38.961697480496305,23.908527025888002,14.671272082890153,9.002906130399614,5.524559720169823,3.390100891829263,2.080307687655566,1.2765637995462953,0.7833529357133666
3.809999999999972,170.01266041002103,104.24481822870976,63.91866406495106,39.19231368301109,24.031125717313046,14.734904601757012,9.034841570757518,5.539795771664153,3.3967764626972765,2.0827645662591245,1.277066149657655,0.7830447939349668
3.819999999999972,171.41412720769299,105.02199593254466,64.3448694067756,39.42281026190253,24.153564740661547,14.798404421338542,9.066685425891881,5.554976217134948,3.4034224552242525,2.0852086410369743,1.2775654899910946,0.7827387385103606
3.8299999999999716,172.81819144139476,105.80000742715768,64.7711995955157,39.653194730922515,24.275848867824912,14.861774498938736,9.098439459723645,5.5701020499380896,3.4100393791779857,2.0876401299817893,1.2780618719309238,0.7824347333741974
3.8399999999999714,174.2248825446199,106.57887104919519,65.19766630470744,39.88347455489473,24.39798282252449,14.925017753628643,9.130105409389795,5.585174246529938,3.4166277348802376,2.090059246764861,1.2785553457846708,0.7821327432535065
3.8499999999999712,175.634230227442,107.35860520015976,65.62428118709008,40.11365715205712,24.519971282052445,14.988137067473646,9.16168498605899,5.600193766971387,3.4231880134874615,2.0924662008653145,1.2790459608156606,0.7818327336433555
3.859999999999971,177.04626448111736,108.13922835010712,66.051055877566,40.34374989635317,24.64181887896679,15.051135286724874,9.193179875721622,5.615161555415359,3.429720697261965,2.0948611976947795,1.2795337652744185,0.7815346707834102
3.869999999999971,178.46101558277093,108.92075904133684,66.4780019961195,40.57376011967451,24.76353020274262,15.114015222976219,9.22459173995545,5.630078540578443,3.436226259833909,2.0972444387177234,1.280018806428951,0.7812385216353508
3.8799999999999706,179.87851410016773,109.70321589207994,66.90513115069743,40.8036951140572,24.885109801381496,15.17677965428848,9.255922216667804,5.64494563619736,3.442705166454541,2.099616121567625,1.2805011305939509,0.7809442538611094
3.8899999999999704,181.29879089657172,110.48661760018558,67.33245494005374,41.03356213383395,25.006562182980872,15.239431326282027,9.287172920815383,5.659763741470883,3.449157874241034,2.101976440159173,1.2809807831589766,0.7806518358018918
3.89999999999997,182.72187713569383,111.2709829468095,67.75998495656083,41.263368397744536,25.127891817265265,15.301972953199327,9.318345445102562,5.674533741487823,3.4555848324132814,2.1043255847966567,1.2814578086156472,0.7803612364579489
3.90999999999997,184.14780428673163,112.0563308001064,68.18773278898993,41.49312109100648,25.249103137081,15.364407218938604,9.349441360659107,5.689256507641676,3.4619864825229882,2.1066637422787053,1.2819322505838961,0.7800724254690673
3.9199999999999697,185.57660412950287,112.84268011892922,68.61571002526296,41.72282736734813,25.370200539856075,15.4267367780599,9.380462217698181,5.703932898032457,3.4683632586753794,2.108991095999539,1.2824041518373237,0.779785373095745
3.9299999999999695,187.00830875967455,113.63004995653709,69.04392825517785,41.95249435100594,25.49118838902675,15.488964256764657,9.411409546155442,5.718563757856286,3.4747155877438303,2.111307826046866,1.2828735543276866,0.7795000502010258
3.9399999999999693,188.44295059409063,114.41845946431475,69.47239907311013,42.182129138688076,25.612071015432416,15.551092253850019,9.44228485631001,5.733149919783199,3.481043889577709,2.113614109296577,1.2833404992085589,0.7792164282329622
3.949999999999969,189.88056237620003,115.20792789550552,69.9011340806922,42.41173880150593,25.73285271868012,15.613123341638861,9.473089639388087,5.74769220432369,3.487348577203717,2.1159101195043553,1.2838050268582033,0.7789344792076829
3.959999999999969,191.32117718158764,115.99847460896025,70.330144889473,42.64133038687553,25.85353776848019,15.675060066886621,9.5038253681499,5.7621914201844255,3.493630057020983,2.1181960273943465,1.2842671769016796,0.7786541756930362
3.9699999999999687,192.76482842361074,116.7901190729045,70.75944312355962,42.87091092039034,25.97413040595429,15.736904951665919,9.534493497460696,5.77664836461358,3.49988872899017,2.120472000744989,1.2847269882322265,0.7783754907927882
3.9799999999999685,194.2115498591435,117.58288086872626,71.18904042224324,43.1004874076673,26.094634844917206,15.79866049422991,9.565095464846419,5.791063823736227,3.506124986816838,2.1227382044721343,1.2851844990319448,0.7780983981313517
3.9899999999999682,195.6613755944321,118.37677969478644,71.61894844261111,43.330066836167646,26.215055273133594,15.860329169855296,9.59563269103472,5.8054385728801545,3.512339218129292,2.1249948007095654,1.2856397467918095,0.7778228718390233
3.999999999999968,197.1143400910629,119.17183537025429,72.04917886214663,43.5596561769939,26.335395853550885,15.921913431665844,9.626106580481874,5.819773376892528,3.518531804651136,2.1272419488870065,1.2860927683310404,0.7775488865377089
4.009999999999968,198.57047817204705,119.9680678389704,72.47974338131914,43.78926238666479,26.45566072550955,15.983415711437301,9.65651852188622,5.834068990447743,3.5247031223687424,2.129479805805742,1.2865435998158534,0.7772764173271179
4.019999999999968,200.02982502802354,120.76549717333884,72.91065372616558,44.018892408869384,26.57585400593173,16.04483842038447,9.686869888688642,5.84832615834683,3.5308535416938485,2.1317085257119226,1.2869922767776227,0.7770054397714061
4.029999999999967,201.49241622358463,121.56414357825153,73.34192165086564,44.24855317620198,26.695979790489506,16.10618394993126,9.717162039560666,5.862545615808752,3.53698342762146,2.133928260367665,1.2874388341304708,0.7767359298862494
4.039999999999967,202.95828770372543,122.3640273950462,73.77355894031214,44.47825161187891,26.816042154753593,16.167454672464462,9.747396318880629,5.876728088753916,3.5430931398832555,2.136139159120019,1.287883306188314,0.7764678641263327
4.049999999999967,204.42747580042203,123.16516910550104,74.20557741267844,44.70799463143897,26.93604515532371,16.22865294207193,9.777574057198477,5.890874294080209,3.54918303309667,2.138341368967899,1.2883257266813843,0.7762012193732353
4.059999999999967,205.9000172393402,123.96758933586769,74.63798892198471,44.9377891444284,27.055992830941467,16.289781095265923,9.807696571689602,5.904984939931859,3.555253456909821,2.140535034627047,1.2887661287722454,0.7759359729236979
4.0699999999999665,207.37594914667895,124.7713088609453,75.07080536066455,45.167642056072005,27.175889203586724,16.35084145169228,9.837765166598231,5.919060725961405,3.561304756142445,2.142720298593115,1.289204545071325,0.7756721024782575
4.079999999999966,208.85530905615113,125.5763486081974,75.50403866213372,45.39756026893142,27.2957382795584,16.41183631482598,9.867781133670746,5.933102343585054,3.5673372709229993,2.1448973012029287,1.2896410076519815,0.7754095861302333
4.089999999999966,210.33813491610601,126.38272966191472,75.93770080336282,45.62755068455201,27.415544050540568,16.472767972653887,9.897745752579409,5.947110476231688,3.5733513368220793,2.1470661806940163,1.2900755480651247,0.7751484023550523
4.099999999999966,211.82446509679582,127.19047326742529,76.37180380745518,45.85762020509931,27.535310494654723,16.53363869834511,9.927660291336867,5.961085799585772,3.5793472849822927,2.1492270732624554,1.290508197353404,0.7748885299999
4.109999999999966,213.3143383977913,127.99960083535518,76.80635974623213,46.08777573498641,27.655041577499087,16.594450750909704,9.957526006701833,5.975028981824411,3.585325442244731,2.1513801131191124,1.2909389860649845,0.7746299482736833
4.1199999999999655,214.80779405554892,128.81013394594143,77.24138074282678,46.3180241824934,27.774741253175726,16.655206375846177,9.987344144576326,5.988940683848796,3.591286131272171,2.153525432544334,1.2913679442669246,0.7743726367372961
4.129999999999965,216.30487175113458,129.62209435340023,77.67687897428812,46.548372461379905,27.894413465306314,16.715907805778432,10.017115940394838,6.002821559510245,3.5972296706691296,2.1556631619411455,1.2917951015581721,0.7741165752941725
4.139999999999965,217.80561161810692,130.4355039903522,78.11286667419732,46.77882749249191,28.014062148037315,16.776557261082637,10.046842619505764,6.016672255831086,3.6031563750989,2.1577934298870223,1.2922204870821903,0.7738617441811199
4.149999999999965,219.31005425056517,131.2503849723079,78.54935613529734,47.009396205364,28.13369122703536,16.837156950504546,10.076525397545453,6.030493413220567,3.609066555397684,2.159916363184277,1.292644129539232,0.773608123959418
4.159999999999965,220.81824071136504,132.06675960221534,78.98635971213793,47.24008553981809,28.25330462047352,16.89770907176779,10.106165480805196,6.044285665686011,3.614960518685929,2.1620320869091256,1.2930660571982706,0.773355695506178
4.169999999999964,222.33021254050746,132.88465037507282,79.4238898237372,47.4709024475596,28.372906240009247,16.9582158121736,10.135764066591472,6.058049641039397,3.6208385684769886,2.1641407244594792,1.2934862979086068,0.7731044400059478
4.179999999999964,223.84601176370492,133.7040799826092,79.86195895626206,47.70185389377242,28.492499991754702,17.01867934919248,10.165322343579776,6.071785961099579,3.6267010047832047,2.1662423976015046,1.2939048791111543,0.7728543389425567
4.189999999999964,225.36568090112885,134.5250713180341,80.30057966572811,47.932946858713315,28.612089777240115,17.079101851048257,10.194841492162288,6.08549524189029,3.63254812421951,2.16833722651501,1.2943218278494277,0.77260537409119
4.199999999999964,226.88926297634458,135.34764748086144,80.7397645807218,48.16418833930727,28.731679494370955,17.13948547729496,10.224322684789731,6.099178093834145,3.6383802201046587,2.1704253298376956,1.294737170780234,0.7723575275106842
4.2099999999999635,228.41680152543708,136.17183178180832,81.17952640514552,48.39558535074444,28.851273038379475,17.199832379387022,10.253767086307633,6.1128351219427834,3.644197582560164,2.172506824708308,1.2951509341840837,0.772110781536036
4.219999999999963,229.9483406063337,136.99764774777228,81.61987792098786,48.62714492807991,28.97087430277142,17.260144701243156,10.283175854287324,6.12646692600333,3.6500004986070484,2.1745818268087493,1.295563143975332,0.771865118771116
4.229999999999963,231.4839248083285,137.82511912688997,82.06083199112048,48.85887412783733,29.090487180268433,17.32042457980438,10.312550139351897,6.140074100761329,3.6557892522604867,2.1766504504051736,1.2959738257120577,0.7716205220815796
4.239999999999963,233.02359926181444,138.65426989368027,82.50240156212337,49.09078002961738,29.210115563746946,17.38067414558664,10.341891085497414,6.153657236100314,3.6615641246224215,2.178712808388115,1.2963830046056923,0.7713769745879689
4.249999999999963,234.5674096482268,139.48512425427379,82.94459966713995,49.32286973771196,29.32976334717401,17.44089552322827,10.371199830409573,6.167216917218142,3.6673253939722428,2.180769012311676,1.2967907055304067,0.7711344596589972
4.2599999999999625,236.11540221020704,140.31770665173354,83.38743942876424,49.55515038272556,29.449434426540915,17.501090832032965,10.400477505776143,6.180753724800266,3.6730733358556056,2.1828191724318233,1.2971969530322651,0.7708929609050099
4.269999999999962,237.66762376198935,141.15204177146833,83.83093406196124,49.78762912320421,29.569132700795052,17.561262186508337,10.429725237595331,6.194268235190064,3.678808223171461,2.1848633977438174,1.2976017713381551,0.7706524621716164
4.279999999999962,239.22412170001857,141.9881545467429,84.27509687702275,50.02031314727367,29.688862072770725,17.621411696900697,10.458944146480379,6.207761020556368,3.684530326257377,2.186901796018812,1.2980051843645022,0.7704129475334844
4.289999999999962,240.78494401380462,142.82607016428778,84.71994128256016,50.25320967428741,29.8086264501195,17.681541469726305,10.488135347960581,6.2212326490583365,3.6902399129732197,2.1889344738396557,1.2984072157257767,0.7701744012882934
4.299999999999962,242.3501392970198,143.66581407001246,85.16548078853612,50.48632595648567,29.92842974624074,17.74165360829948,10.517299952778952,6.234683685007779,3.6959372487832622,2.1909615366359274,1.2988078887428007,0.7699368079508386
4.309999999999961,243.91975675884652,144.50741197482495,85.61172900933705,50.71966928066662,30.0482758812129,17.80175021325797,10.546439067186787,6.248114689029082,3.7016225968367946,2.1929830887182358,1.2992072264508632,0.7697001522472833
4.319999999999961,245.49384623558106,145.35088986056144,86.05869966688803,50.953246969870506,30.168168782726163,17.861833383085898,10.57555379323528,6.261526218216838,3.7072962180472935,2.194999233311811,1.299605251607649,0.7694644191095498
4.329999999999961,247.07245820250208,146.19627398603004,86.5064065938124,51.187066385078126,30.28811238701719,17.921905214634698,10.604645229064472,6.274918826291321,3.7129583711702185,2.1970100725894186,1.3000019867009913,0.769229593669849
4.339999999999961,248.6556437860093,147.04359089317143,86.95486373663773,51.421134926924374,30.408110639806306,17.981967803642316,10.633714469189677,6.288293063751896,3.7186093128794986,2.1990157077036194,1.3003974539564516,0.7689956612553384
4.349999999999961,250.24345477604214,147.89286741334135,87.40408515905038,51.65546003742827,30.528167497238055,18.042023245251137,10.662762604785641,6.3016494780285095,3.7242492978427624,2.2010162388184105,1.3007916753447355,0.768762607382908
4.35999999999996,251.83594363878393,148.7441306737177,87.85408504520035,51.890049201740275,30.648286926825467,18.102073634524867,10.69179072396859,6.314988613631349,3.7298785787953794,2.20301176514026,1.3011846725889498,0.7685304177540866
4.36999999999996,253.4331635296615,149.59740810383744,88.30487770305892,52.12490994990819,30.7684729083988,18.162121066964804,10.720799912076394,6.32831101229879,3.7354974066133626,2.2050023849485743,1.3015764671717087,0.7682990782500652
4.37999999999996,255.0351683066472,150.45272744226628,88.75647756783071,52.360049858662606,30.888729435059307,18.222167639025802,10.749791251947027,6.341617213143739,3.7411060303851884,2.2069881956256117,1.3019670803420909,0.7680685749268336
4.38999999999996,256.6420125438736,151.3101167434066,89.20889920542305,52.59547655322334,31.00906051413874,18.282215448632307,10.778765824195535,6.354907752798483,3.7467046974825946,2.2089692936858727,1.302356533122459,0.7678388940104247
4.3999999999999595,258.2537515455676,152.16960438444698,89.66215731597387,52.83119770912758,31.129470168165017,18.34226659569475,10.807724707489662,6.368183165558129,3.7522936536304017,2.2109457748049866,1.3027448463151425,0.7676100218922635
4.409999999999959,259.8704413603152,153.03121907245858,90.11626673744146,53.06722105408129,31.249962435834945,18.40232318262669,10.83666897882438,6.381443983522766,3.7578731429754115,2.2129177338481165,1.3031320405089912,0.7673819451246163
4.419999999999959,261.49213879566526,153.8949898516424,90.57124244925761,53.303554369834856,31.370541372994378,18.46238731486305,10.86559971379545,6.3946907367384265,3.763443408154439,2.214885264897909,1.3035181360858044,0.7671546504161372
4.429999999999959,263.1189014330824,154.7609461107333,91.02709957604705,53.540205494084404,31.491211053626646,18.522461101379754,10.894517986872263,6.407923953336952,3.7690046903615166,2.216848461282003,1.303903153226642,0.7669281246275059
4.439999999999959,264.75078764325923,155.62911759056408,91.4838533914152,53.77718232239971,31.611975570849783,18.58254665521514,10.923424871670075,6.421144159674865,3.774557229414335,2.218807415600124,1.304287111918019,0.7667023547671573
4.449999999999958,266.3878566017986,156.49953439179646,91.94151932180725,54.01449281018031,31.732839037923256,18.642646093993466,10.952321441221887,6.434351880471349,3.7801012638199483,2.220762219750782,1.304670031957993,0.7664773279870949
4.459999999999958,268.0301683052765,157.37222698282315,92.40011295044083,54.25214497464094,31.85380558926488,18.702761540450922,10.981208768250122,6.447547638945409,3.7856370308398133,2.222712964957593,1.3050519329621453,0.7662530315787872
4.469999999999958,269.67778358769675,158.2472262078467,92.85965002131483,54.49014689682762,31.974879381478537,18.76289512296441,11.010087925438262,6.460731956952341,3.791164766554188,2.224659741795243,1.305432834369463,0.7660294529691448
4.479999999999958,271.3307641373498,159.12456329514097,93.32014644329762,54.728506723665845,32.096064594393454,18.8230489760835,11.038959985702684,6.473905355119577,3.79668470592595,2.226602640215115,1.3058127554481251,0.7658065797165711
4.489999999999958,272.9891725140863,160.00426986550073,93.7816182942968,54.9672326700421,32.21736543211567,18.883225241065904,11.067826022464827,6.487068352982002,3.802197082863873,2.2285417495705944,1.3061917153011962,0.7655843995070885
4.499999999999957,274.6530721670203,160.88637794088564,94.24408182551412,55.20633302092043,32.33878612409245,18.943426066416873,11.096687109923888,6.500221469116864,3.8077021302854064,2.230477158642079,1.3065697328722345,0.7653629001505325
4.509999999999957,276.3225274526716,161.77091995326447,94.70755346578777,55.44581613349505,32.46033092619039,19.003653608432753,11.12554432333026,6.513365221278322,3.8132000801790036,2.2324089556616973,1.306946826950817,0.7651420695768153
4.519999999999957,277.9976036535642,162.65792875366648,95.17204982602598,55.68569043938107,32.58200412178784,19.06391003174925,11.15439873925985,6.52650012653177,3.8186911636660406,2.23433722833777,1.307323016177985,0.7649218958322505
4.529999999999957,279.67836699729196,163.54743762144577,95.6375877037343,55.92596444684434,32.70381002288258,19.124197509894607,11.183251435889504,6.5396267013879985,3.8241756110623704,2.236262063879017,1.3076983190516143,0.7647023670759422
4.5399999999999565,281.36488467606705,164.4394802737665,96.10418408764033,56.166646743072384,32.825752971215316,19.184518225848226,11.2121034932737,6.552745461937296,3.8296536519395517,2.2381835490185393,1.3080727539317163,0.7644834715762314
4.549999999999956,283.05722486676626,165.33409087531507,96.57185616241937,56.40774599648786,32.94783733941,19.24487437260497,11.240955993622727,6.565856923983591,3.8351255151858,2.240101770037581,1.3084463390456709,0.7642651977071987
4.559999999999956,284.75545675148913,166.23130404824698,97.04062131352372,56.64927095910621,33.07006753213156,19.305268153745658,11.269810021582499,6.578961603178705,3.8405914290666976,2.2420168127890983,1.3088190924933951,0.7640475339452204
4.569999999999956,286.45965053864563,167.13115488237617,97.51049713212036,56.89123046893931,33.192447987262035,19.3657017840141,11.298666664516245,6.592060015156832,3.846051621285708,2.243928762721148,1.3091910322524547,0.7638304688655762
4.579999999999956,288.16987748458877,168.03367894561424,97.98150142013985,57.133633452446894,33.31498317709592,19.426177489901097,11.327527012788247,6.605152675669324,3.8515063190445384,2.245837704900109,1.3095621761831162,0.7636139911391041
4.5899999999999554,289.88620991580916,168.938912294668,98.45365219544048,57.376488927037414,33.43767760955552,19.48669751023578,11.356392160049806,6.618240100719881,3.8569557491033843,2.2477437240337568,1.30993254203335,0.7633980895289039
4.599999999999955,291.60872125170994,169.84689148600341,98.92696769709202,57.61980600362044,33.5605358294273,19.547264096784776,11.385263203527684,6.63132280670023,3.862400137841108,2.249646904494207,1.310302147443783,0.7631827528870807
4.609999999999955,293.3374860279805,170.75765358708531,99.40146639078283,57.86359388921246,33.683562419620124,19.60787951485962,11.414141244315198,6.6444013105264155,3.8678397113153866,2.251547330340744,1.3106710099526055,0.7629679701515336
4.619999999999955,295.0725799205864,171.67123618790052,99.87716697435435,58.10786188959787,33.806762002446234,19.66854604393278,11.443027387666156,6.657476129775749,3.8732746953228703,2.2534450853425456,1.3110391470004368,0.7627537303427804
4.629999999999955,296.81407977039834,172.58767741277583,100.35408838346832,58.352619412047716,33.93013924092613,19.729265978262884,11.471922743291895,6.670547782824578,3.8787053154594027,2.2553402530013273,1.3114065759351523,0.7625400225608209
4.639999999999954,298.56206360847733,173.5070159324982,100.83224979740997,58.5978759680977,34.05369884011814,19.79004162752949,11.500828425661597,6.683616788986904,3.884131797180331,2.257232916573917,1.3117733140166763,0.762326835982034
4.649999999999954,300.31661068204016,174.4292909767493,101.31167064503306,58.84364117638826,34.17744554847387,19.85087531747797,11.529745554306125,6.696683668654015,3.889554365860962,2.2591231590947785,1.3121393784217412,0.7621141598561072
4.659999999999954,302.07780148112545,175.35454234686304,101.79237061085097,59.08992476556851,34.30138415922051,19.911769390574953,11.558675254125589,6.70974894343518,3.8949732468572,2.261011063398497,1.3125047862486199,0.7619019835029965
4.669999999999954,303.8457177659835,176.2828104289182,102.27436964127892,59.33673657726667,34.425519511771085,19.97272620667478,11.587618655700885,6.722813136299535,3.900388665566408,2.262896712142244,1.3128695545218334,0.761690296309914
4.6799999999999535,305.6204425952156,177.21413620717686,102.75768795103326,59.58408656912946,34.54985649316387,20.033748143697657,11.616576895609445,6.735876771719272,3.905800847488547,2.26478018782824,1.313233700196835,0.7614790877283413
4.689999999999953,307.40206035468424,178.14856127788013,103.24234602969211,59.83198481793274,34.67440003953201,20.094837598319852,11.645551116745413,6.748940375814211,3.9112100182876226,2.2666615728262265,1.3135972401646785,0.7612683472710672
4.699999999999953,309.1906567872233,179.08612786341342,103.72836464842416,60.080441522766264,34.799155137604636,20.155996986676573,11.674542468644539,6.762004476497888,3.9166164038534954,2.268540949395965,1.3139601912566692,0.7610580645092465
4.709999999999953,310.9863190231725,180.026878826854,104.2157648668906,60.329467008295104,34.9241268262407,20.217228745078117,11.703552107814,6.775069603625256,3.9220202303640974,2.270418399709783,1.3143225702490042,0.7608482290694784
4.719999999999953,312.789135611765,180.97085768691332,104.70456804032672,60.5790717281006,35.04932019799684,20.27853533073981,11.73258119806743,6.7881362891421135,3.9274217243480978,2.2722940058751764,1.3146843938674047,0.7606388306309029
4.7299999999999525,314.59919655339735,181.91810863328845,105.1947958268095,60.8292662681038,35.174740400730485,20.339919222526404,11.76163091086544,6.801205067236389,3.9328211127480714,2.2741678499574918,1.315045678791742,0.7604298589223116
4.739999999999952,316.41659333281024,182.86867654243585,105.68647019471727,61.08006135007424,35.30039263923978,20.401382921711487,11.790702425661873,6.81427647449138,3.9382186229842087,2.276040014002701,1.3154064416606632,0.7602213037192735
4.749999999999952,318.24141895321304,183.82260699378241,106.17961343038887,61.3314678352274,35.4262821769416,20.462928952752602,11.819796930256102,6.8273510500410834,3.943614483018628,2.277910580060285,1.3157666990762176,0.76001315484127
4.759999999999952,320.0737679713835,184.77994628638956,106.6742481459888,61.58349672791399,35.552414337589134,20.52455986408273,11.848915621151646,6.840429335727731,3.949008921420328,2.2797796302062485,1.3161264676084876,0.7598054021488407
4.769999999999952,321.9137365337765,185.74074145608483,107.1703972875861,61.83615917940431,35.67879450703073,20.586278228918765,11.878059703921423,6.853511876261673,3.9544021674308403,2.281647246566277,1.3164857638002299,0.759598035540736
4.779999999999951,323.7614224136774,186.70504029307915,107.66808414345442,62.08946649177148,35.80542813501136,20.64808664608781,11.90723039357994,6.866599219383719,3.9597944510306284,2.2835135113390588,1.3168446041715272,0.7593910449510745
4.789999999999951,325.61692504943613,187.67289136008526,108.16733235260111,62.343430121876885,35.93232073701854,20.70998774087188,11.936428914962743,6.8796919160300956,3.9651860030062918,2.285378506819786,1.3172030052244554,0.759184420346503
4.799999999999951,327.48034558382,188.644344010956,108.6681659135337,62.59806168546174,36.05947789617432,20.771984165871917,11.96565650311344,6.89279052050014,3.970577055018622,2.2872423154238573,1.3175609834477706,0.7589781517233589
4.809999999999951,329.35178690452574,189.61944840986098,109.17060919327247,62.85337296134878,36.186905265175156,20.834078601891797,11.99491440367869,6.905895590626886,3.9759678396715783,2.289105019710799,1.3179185553216173,0.7587722291048294
4.8199999999999505,331.23135368589027,190.5982555510204,109.67468693661763,63.10937589575797,36.31460856828142,20.896273758843193,12.024203873311452,6.91900768795068,3.981358590582225,2.290966702408421,1.3182757373222644,0.7585666425381089
4.82999999999995,333.11915243184586,191.58081727901677,110.18042427568095,63.366082606740655,36.44259360335872,20.958572376672176,12.053526180082901,6.932127377895993,3.986749542451707,2.292827446437232,1.31863254592687,0.7583613820915497
4.83999999999995,335.0152915201612,192.56718630970457,110.6878467396909,63.623505388736426,36.57086624397259,21.020977226308332,12.082882603903373,6.945255229951569,3.9921409311373104,2.294687334935135,1.3189889976182807,0.758156437851806
4.84999999999995,336.9198812480182,193.55741625174068,111.19698026508188,63.88165671725746,36.69943244153907,21.083491110637436,12.112274436952744,6.958391817854086,3.9975329937256774,2.2965464512824125,1.3193451088898676,0.7579517999209676
4.85999999999995,338.83303387897126,194.55156162875767,111.70785120587786,64.14054925370496,36.828298227533,21.14611686549854,12.141702984120629,6.971537719775491,4.002925968607238,2.298404879127041,1.319700896250404,0.7577474584136806
4.8699999999999495,340.7548636913405,195.54967790220357,112.22048634438123,64.40019585032282,36.95746971575651,21.208857360706503,12.171169563456864,6.984693518514193,4.008320095551932,2.3002627024103406,1.32005637622899,0.7575434034542552
4.879999999999949,342.68548702809164,196.55182149487322,112.73491290217844,64.66060955529359,37.08695310466978,21.27171550110096,12.200675506632665,6.997859801690272,4.013715615786272,2.3021200053929864,1.3204115653800255,0.7573396251737553
4.889999999999949,344.625022348258,197.5580498151566,113.25115855147418,64.9218036179822,37.216754679786746,21.33469422762284,12.230222159412946,7.011037161944919,4.0191127720718445,2.303976872681413,1.3207664802882357,0.7571361137070698
4.899999999999949,346.5735902799627,198.5684212820314,113.7692514267667,65.18379149433324,37.34688081613814,21.397796518419508,12.25981088214027,7.02422619714428,4.024511808785297,2.3058333892546217,1.3211211375737586,0.7569328591899618
4.909999999999949,348.53131367509957,199.58299535082725,114.28922013687685,65.44658685242725,37.477337980804506,21.46102538997969,12.289443050230911,7.037427510587917,4.029912971999906,2.307689640491428,1.3214755538972918,0.7567298517560942
4.919999999999948,350.4983176657384,200.60183253979176,114.81109377734475,65.71020357820272,37.60813273552201,21.5243838982994,12.319120054683559,7.05064171122208,4.035316509568796,2.3095457121981653,1.3218297459653072,0.7565270815340285
4.929999999999948,352.4747297223176,201.6249944574883,115.33490194320785,65.97465578134988,37.73927173936384,21.587875140080122,12.348843302601184,7.063869413858031,4.040722671209888,2.3114016906368766,1.3221837305353394,0.756324538644194
4.939999999999948,354.46067971369376,202.6525438310573,115.86067474217516,66.23995780138276,37.87076175150017,21.651502253960512,12.378614217726613,7.077111239395615,4.046131708592673,2.3132576625540175,1.3225375244213489,0.7561222131958267
4.949999999999948,356.45629996912106,203.6845445353755,116.38844280821327,66.50612421389707,38.00260963403989,21.71526842178307,12.408434240992419,7.09036781505234,4.051543875426886,2.315113715209701,1.322891144499167,0.7559200952838714
4.959999999999948,358.4617253422326,204.72106162314645,116.91823731555967,66.77316983702066,38.13482235495728,21.77917686989708,12.438304831085695,7.103639774598188,4.056959427553181,2.316969936407512,1.3232446077120297,0.7557181749858485
4.969999999999947,360.47709327710567,205.76216135596042,117.45008999318081,67.04110973806448,38.26740699110708,21.843230870499447,12.468227465028372,7.116927758596423,4.0623786230358965,2.318826414524921,1.3235979310762016,0.7555164423586791
4.979999999999947,362.50254387648886,206.8079112363602,117.98403313969179,67.30995924038174,38.40037073133138,21.907433743014824,12.49820363877369,7.130232414650658,4.067801722258011,2.320683238544329,1.3239511316866985,0.7553148874354686
4.989999999999947,364.53821997228056,207.85838004095393,118.52009963875653,67.579733930444,38.53372087966225,21.971788855516778,12.528234867819563,7.143554397658452,4.073228988018392,2.3225404980847735,1.3243042267231135,0.7551135002222421
4.999999999999947,366.5842671983458,208.91363785461613,119.0583229749873,67.85044966514226,38.667464858623795,22.036299626191592,12.558322687839501,7.156894370071727,4.078660685631445,2.3243982834343337,1.3246572334555524,0.7549122706946317